clip,frames,sec,turn_max,turn_end,turn_win,peak_degps,peak_turn_t,R_peak,R_peak_t,L_peak,L_peak_t,hands_dist_at_Rpeak,hands_dist_med,travel_max,end_fwd,end_side,rise,crouch,air_frames,one_foot_frames,knee_lift
ActionAdventure__cover to stand,46,1.53,150,150,0.13-0.97,234,0.17,4.7,0.23,2.1,0.2,0.69,0.61,1.03,0.95,0.22,0.38,0.0,0,3,0.16
ActionAdventure__cover to stand (2),35,1.17,134,134,0.20-0.93,209,0.43,4.5,0.3,1.6,0.43,0.51,0.64,0.97,0.92,0.32,0.02,0.11,0,0,0.15
ActionAdventure__crouched sneaking left,39,1.3,6,0,0.00-0.00,41,0.7,1.6,0.3,1.5,0.3,1.11,1.11,1.34,0.41,-1.28,0.01,0.03,0,5,0.18
ActionAdventure__crouched sneaking right,33,1.1,5,-1,0.00-0.00,41,0.23,1.5,0.23,1.6,0.87,1.09,1.07,1.21,0.08,1.2,0.01,0.02,0,0,0.13
ActionAdventure__falling idle,22,0.73,1,0,0.00-0.00,7,0.1,0.3,0.3,0.3,0.67,1.39,1.39,0.0,0.0,0.0,0.0,0.0,0,0,0.07
ActionAdventure__falling to roll,45,1.5,75,11,0.07-0.57,518,0.43,12.1,0.03,6.2,0.7,1.31,0.79,3.02,2.72,-1.31,0.04,0.78,15,6,0.87
ActionAdventure__hard landing,61,2.03,45,10,0.20-0.70,183,0.2,8.4,0.1,7.0,0.1,1.17,0.61,0.4,0.16,-0.06,0.03,0.47,2,0,0.46
ActionAdventure__idle,117,3.9,-82,0,0.73-2.33,220,1.97,1.3,2.03,1.1,1.93,0.66,0.67,0.03,0.0,0.0,0.01,0.02,0,0,0.02
ActionAdventure__idle (2),298,9.93,-1,0,0.00-0.00,2,8.13,0.1,6.93,0.1,4.4,0.69,0.68,0.01,-0.0,-0.0,0.0,0.0,0,0,0.0
ActionAdventure__idle (3),98,3.27,-21,0,0.00-0.00,49,0.57,0.7,2.03,0.5,2.2,0.61,0.64,0.26,0.0,0.0,0.04,0.01,0,5,0.19
ActionAdventure__idle (4),78,2.6,1,0,0.00-0.00,4,0.3,0.0,1.53,0.0,2.33,0.71,0.71,0.0,-0.0,0.0,0.0,0.0,0,0,0.01
ActionAdventure__idle (5),69,2.3,-1,0,0.00-0.00,6,1.33,0.0,0.13,0.0,0.23,0.64,0.64,0.0,0.0,-0.0,0.0,0.0,0,0,0.0
ActionAdventure__jumping up,8,0.27,-18,-18,0.00-0.00,158,0.1,7.7,0.03,8.4,0.03,1.08,1.26,0.09,-0.08,-0.03,0.0,0.03,5,1,0.46
ActionAdventure__left cover sneak,35,1.17,-4,0,0.00-0.00,33,0.93,1.6,0.43,1.4,0.3,0.72,0.75,1.34,0.16,-1.33,0.06,0.0,0,5,0.19
ActionAdventure__left turn,32,1.07,-3,0,0.00-0.00,20,0.53,0.7,1.0,0.7,0.6,0.69,0.68,0.14,-0.0,-0.0,0.02,0.0,0,0,0.06
ActionAdventure__right cover sneak,35,1.17,-4,0,0.00-0.00,31,0.3,1.4,0.8,1.6,0.87,0.75,0.75,1.34,0.1,1.34,0.0,0.06,0,4,0.19
ActionAdventure__right turn,32,1.07,2,0,0.00-0.00,11,0.63,0.8,0.1,0.8,0.1,0.69,0.66,0.19,-0.0,0.0,0.02,0.0,0,0,0.09
ActionAdventure__run to stop,27,0.9,-26,-26,0.00-0.00,113,0.13,3.5,0.03,4.1,0.17,0.48,0.6,0.85,0.81,0.14,0.03,0.21,0,2,0.28
ActionAdventure__running,22,0.73,-36,0,0.03-0.47,290,0.67,7.9,0.67,7.2,0.3,0.48,0.58,3.32,3.28,0.53,0.09,0.02,8,20,0.48
ActionAdventure__stand to cover,35,1.17,-142,-142,0.17-0.83,360,0.23,4.6,0.5,2.6,0.17,0.94,0.69,1.18,1.12,-0.35,0.0,0.16,3,4,0.2
ActionAdventure__stand to cover (2),39,1.3,-150,-150,0.23-0.80,379,0.27,3.2,0.53,3.4,0.2,0.86,0.8,1.22,1.16,-0.35,0.0,0.4,0,2,0.15
ActionAdventure__walking,32,1.07,-8,0,0.00-0.00,55,0.4,3.7,0.03,3.1,0.53,0.52,0.6,1.85,1.84,0.06,0.01,0.07,0,6,0.19
Axe__crouch idle,51,1.7,-3,0,0.00-0.00,8,0.47,0.2,0.57,0.2,0.7,1.0,0.98,0.0,0.0,0.0,0.02,0.0,0,0,0.0
Axe__crouch to standing idle,19,0.63,3,-1,0.00-0.00,25,0.33,0.9,0.13,1.1,0.23,0.91,0.86,0.02,-0.0,-0.0,0.27,0.0,0,0,0.0
Axe__standing block idle,51,1.7,-2,0,0.00-0.00,8,0.33,0.1,0.33,0.2,0.07,0.45,0.45,0.02,-0.0,0.0,0.04,0.0,0,0,0.0
Axe__standing block react large,31,1.03,-52,-4,0.23-0.40,292,0.23,3.0,0.27,3.3,0.27,0.45,0.44,0.09,-0.02,-0.02,0.01,0.06,0,0,0.0
Axe__standing disarm over shoulder,50,1.67,27,27,0.00-0.00,96,0.9,3.1,0.3,0.9,1.07,1.0,0.92,0.29,0.18,-0.11,0.13,0.0,0,0,0.05
Axe__standing disarm underarm,50,1.67,30,28,0.00-0.00,81,0.33,2.9,0.47,1.0,0.57,0.78,0.74,0.1,-0.0,-0.01,0.13,0.0,0,0,0.06
Axe__standing idle,55,1.83,-3,0,0.00-0.00,10,0.3,0.3,0.3,0.2,0.17,0.88,0.91,0.02,-0.0,-0.0,0.04,0.0,0,0,0.0
Axe__standing idle looking ver. 1,339,11.3,20,0,0.00-0.00,50,2.9,0.5,2.97,0.5,1.13,0.87,0.83,0.08,0.0,-0.0,0.01,0.03,0,0,0.0
Axe__standing idle looking ver. 2,231,7.7,-18,1,0.00-0.00,25,6.97,0.2,4.53,0.2,0.2,0.86,0.83,0.05,0.01,0.0,0.0,0.02,0,0,0.0
Axe__standing jump,56,1.87,-24,0,0.00-0.00,136,1.1,6.8,1.13,7.4,0.43,1.08,0.95,0.14,-0.0,-0.0,0.63,0.39,16,1,0.84
Axe__standing melee attack 360 high,96,3.2,-408,-361,0.33-1.23,632,0.93,10.5,1.07,6.5,1.07,1.27,0.86,0.47,-0.02,0.02,0.11,0.07,0,5,0.22
Axe__standing melee attack 360 low,76,2.53,-362,-360,0.27-1.30,686,0.8,7.8,0.9,4.6,0.3,0.72,0.88,0.37,0.0,-0.0,0.15,0.08,1,13,0.42
Axe__standing melee attack backhand,96,3.2,230,-3,0.20-1.33,822,0.9,11.5,1.0,8.0,0.8,1.04,0.86,0.73,0.02,0.01,0.09,0.01,0,6,0.24
Axe__standing melee attack downward,69,2.3,98,0,0.10-0.90,469,0.63,8.5,0.83,3.3,0.73,1.13,0.85,0.17,0.0,-0.0,0.07,0.0,0,0,0.09
Axe__standing melee attack horizontal,73,2.43,172,-2,0.13-1.03,734,0.8,10.6,0.97,5.1,0.8,1.24,0.9,0.17,0.0,0.01,0.03,0.08,0,0,0.08
Axe__standing melee attack kick ver. 1,57,1.9,20,0,0.00-0.00,233,0.27,2.2,0.53,3.9,0.4,0.95,0.92,0.39,-0.0,0.0,0.14,0.0,0,22,1.07
Axe__standing melee attack kick ver. 2,43,1.43,37,0,0.30-0.40,289,0.6,3.6,0.57,5.9,0.5,1.21,1.1,0.45,-0.0,0.0,0.06,0.01,0,14,1.02
Axe__standing melee combo attack ver. 1,141,4.7,169,-2,0.20-2.23,612,1.73,7.7,2.97,8.1,2.13,1.17,0.53,1.67,1.35,-0.79,0.11,0.05,0,22,0.23
Axe__standing melee combo attack ver. 2,126,4.2,137,0,0.30-1.13,672,0.87,9.9,2.6,8.4,2.47,1.33,0.97,0.53,0.0,-0.0,0.06,0.14,0,7,0.23
Axe__standing melee combo attack ver. 3,83,2.77,165,0,0.37-1.10,764,1.57,9.6,1.0,4.8,1.63,0.99,0.71,0.12,0.0,-0.0,0.01,0.09,0,0,0.07
Axe__standing melee run jump attack,111,3.7,58,12,0.07-1.77,222,1.27,15.5,1.67,16.7,1.67,0.1,0.51,4.31,2.76,-2.5,1.17,0.38,21,7,1.9
Axe__standing react large from left,31,1.03,-47,-1,0.07-0.17,441,0.1,1.3,0.17,4.3,0.27,1.01,0.88,0.15,0.01,-0.0,0.02,0.02,0,0,0.0
Axe__standing react large from right,52,1.73,40,0,0.07-0.40,250,0.3,2.1,0.37,3.5,0.17,0.81,0.84,0.08,-0.0,0.0,0.0,0.02,0,0,0.05
Axe__standing react large gut,45,1.5,-22,-2,0.00-0.00,209,0.17,2.1,0.13,4.0,0.17,0.87,0.72,0.11,-0.01,-0.01,0.04,0.0,0,0,0.0
Axe__standing run back,25,0.83,-9,0,0.00-0.00,77,0.47,2.9,0.03,4.4,0.43,0.59,0.6,1.56,-1.33,0.83,0.1,0.0,2,7,0.18
Axe__standing run forward,23,0.77,-14,0,0.00-0.00,96,0.3,2.9,0.43,3.0,0.7,0.76,0.78,1.86,1.38,-1.25,0.07,0.02,0,8,0.24
Axe__standing taunt battlecry,86,2.87,-22,0,0.00-0.00,165,0.67,4.7,0.47,9.0,0.47,0.94,0.88,0.15,0.0,-0.0,0.06,0.06,0,0,0.02
Axe__standing taunt chest thump,77,2.57,30,1,0.10-1.07,108,0.4,4.3,0.67,1.1,0.3,0.83,0.72,0.11,0.02,-0.02,0.06,0.02,0,0,0.02
Axe__standing turn left 90,53,1.77,90,89,0.17-1.53,101,0.17,1.0,1.3,1.1,0.1,0.82,0.83,0.28,-0.01,-0.02,0.08,0.0,0,0,0.12
Axe__standing turn right 90,50,1.67,-93,-90,0.13-0.77,152,0.27,1.4,0.17,1.8,0.67,0.86,0.82,0.28,-0.02,0.01,0.08,0.0,0,0,0.08
Axe__standing walk back,42,1.4,-10,0,0.00-0.00,42,1.07,1.5,1.0,1.9,1.0,0.69,0.64,1.3,-0.75,1.06,0.01,0.09,0,5,0.16
Axe__standing walk forward,41,1.37,-8,0,0.00-0.00,37,0.13,1.6,0.97,1.7,0.37,0.6,0.61,1.4,0.97,-1.01,0.03,0.06,0,7,0.19
Axe__standing walk left,38,1.27,-4,0,0.00-0.00,28,0.3,1.4,1.1,1.4,0.97,0.69,0.65,1.2,-1.19,-0.16,0.02,0.05,0,0,0.14
Axe__standing walk right,39,1.3,-12,0,0.00-0.00,62,1.17,1.8,1.13,2.2,0.5,0.63,0.62,1.39,1.26,0.58,0.03,0.08,0,5,0.17
Axe__unarmed equip over shoulder,51,1.7,-38,-27,0.43-0.93,100,0.8,3.4,1.4,0.9,0.57,0.96,0.92,0.21,-0.21,0.02,0.0,0.13,0,0,0.05
Axe__unarmed equip underarm,34,1.13,-29,-29,0.00-0.00,124,0.77,2.7,0.7,0.7,0.9,0.87,0.64,0.05,-0.01,0.01,0.0,0.11,0,0,0.03
Axe__unarmed idle,55,1.83,2,0,0.00-0.00,6,1.2,0.1,0.87,0.1,0.77,0.58,0.58,0.01,-0.0,-0.0,0.01,0.0,0,0,0.0
Axe__unarmed idle looking ver. 1,334,11.13,18,0,0.00-0.00,48,3.6,0.4,3.7,0.5,3.03,0.56,0.57,0.09,-0.0,-0.0,0.01,0.03,0,0,0.0
Axe__unarmed idle looking ver. 2,211,7.03,-14,-3,0.00-0.00,18,0.4,0.1,1.8,0.1,3.17,0.58,0.55,0.03,-0.0,-0.0,0.01,0.02,0,0,0.0
Axe__unarmed jump,71,2.37,-16,0,0.00-0.00,61,1.6,4.9,0.6,4.6,1.5,0.78,0.66,0.1,0.0,0.0,0.41,0.33,18,0,0.9
Axe__unarmed jump running,43,1.43,33,0,0.03-0.13,333,0.07,6.0,0.33,9.8,0.27,0.75,0.98,3.5,3.5,0.09,0.52,0.22,19,17,0.93
Axe__unarmed run back,24,0.8,-44,0,0.07-0.23,227,0.13,5.2,0.07,5.4,0.47,0.53,0.68,1.63,-1.55,-0.49,0.05,0.04,4,15,0.21
Axe__unarmed run forward,25,0.83,-27,0,0.00-0.00,198,0.37,5.6,0.67,5.7,0.3,0.67,0.65,2.19,2.18,0.06,0.06,0.03,2,19,0.29
Axe__unarmed turn left 90,46,1.53,85,85,0.27-1.33,138,0.3,1.0,0.57,1.0,0.3,0.59,0.58,0.15,-0.01,-0.02,0.0,0.02,0,0,0.04
Axe__unarmed turn right 90,46,1.53,-84,-84,0.27-1.37,127,0.6,0.7,0.87,1.2,0.67,0.68,0.61,0.14,-0.03,0.02,0.0,0.03,0,0,0.06
Axe__unarmed walk back,40,1.33,19,0,0.00-0.00,79,1.2,2.2,1.13,2.6,0.53,0.6,0.66,1.16,-1.16,0.04,0.01,0.04,0,3,0.17
Axe__unarmed walk forward,42,1.4,-26,0,0.00-0.00,95,1.27,2.5,1.2,2.9,0.43,0.63,0.65,1.39,1.39,0.08,0.02,0.08,0,13,0.22
Baseball__baseball bunt,60,2.0,86,17,0.30-1.20,333,1.7,4.5,1.93,3.0,1.93,0.71,0.44,0.96,0.91,-0.29,0.05,0.16,0,7,0.35
Baseball__baseball pitching,157,5.23,150,3,0.50-2.17,526,1.9,6.8,2.07,5.9,1.73,1.07,0.49,0.58,-0.1,-0.08,0.0,0.16,0,54,1.08
Baseball__baseball strike,209,6.97,186,0,0.43-1.47,725,1.1,6.4,1.3,4.3,1.17,0.18,0.18,0.43,-0.0,-0.0,0.1,0.06,0,0,0.12
GreatSword__draw a great sword 1,15,0.5,-41,-41,0.10-0.40,169,0.13,7.0,0.17,1.0,0.3,0.92,0.96,0.11,-0.04,-0.1,0.0,0.01,0,0,0.02
GreatSword__draw a great sword 2,24,0.8,39,39,0.10-0.57,123,0.23,5.0,0.37,1.6,0.43,0.56,0.51,0.13,0.12,0.05,0.01,0.04,0,0,0.06
GreatSword__great sword 180 turn,25,0.83,-188,-188,0.13-0.63,469,0.27,3.7,0.37,1.9,0.4,0.2,0.16,0.38,-0.0,0.02,0.0,0.07,0,3,0.16
GreatSword__great sword 180 turn (2),18,0.6,-183,-183,0.07-0.47,699,0.23,3.4,0.43,3.4,0.43,0.14,0.14,0.77,0.23,-0.07,0.0,0.23,0,2,0.15
GreatSword__great sword attack,37,1.23,-63,0,0.07-0.27,303,0.17,5.0,0.43,4.8,0.43,0.13,0.14,0.13,0.0,-0.0,0.02,0.1,0,0,0.04
GreatSword__great sword blocking,16,0.53,56,56,0.10-0.37,219,0.2,2.2,0.2,3.2,0.23,0.12,0.1,0.1,-0.01,0.1,0.0,0.23,0,0,0.03
GreatSword__great sword blocking (2),30,1.0,0,0,0.00-0.00,1,0.6,0.0,0.5,0.0,0.93,0.07,0.07,0.0,0.0,-0.0,0.0,0.0,0,0,0.02
GreatSword__great sword blocking (3),16,0.53,-56,-56,0.07-0.37,192,0.13,1.9,0.13,2.1,0.13,0.09,0.14,0.1,0.09,-0.04,0.23,0.0,0,0,0.03
GreatSword__great sword casting,145,4.83,11,0,0.00-0.00,108,2.43,6.2,2.23,8.2,2.2,0.14,0.14,0.41,-0.0,0.0,0.02,0.43,0,0,0.07
GreatSword__great sword crouching,21,0.7,-58,-58,0.03-0.57,194,0.03,2.2,0.5,2.5,0.07,0.12,0.11,0.4,-0.36,-0.18,0.0,0.48,0,0,0.07
GreatSword__great sword crouching (2),22,0.73,55,55,0.13-0.37,245,0.2,1.9,0.2,1.9,0.2,0.09,0.1,0.39,0.33,-0.21,0.49,0.0,0,0,0.1
GreatSword__great sword crouching (3),56,1.87,-1,0,0.00-0.00,1,0.6,0.0,0.7,0.0,0.67,0.12,0.11,0.01,0.0,-0.0,0.0,0.0,0,0,0.04
GreatSword__great sword crouching (4),12,0.4,-26,-25,0.00-0.00,138,0.13,1.3,0.1,2.0,0.13,0.12,0.12,0.08,-0.01,0.08,0.03,0.0,0,0,0.04
GreatSword__great sword crouching (5),43,1.43,2,0,0.00-0.00,6,1.37,0.0,1.27,0.0,1.27,0.15,0.15,0.0,0.0,0.0,0.0,0.0,0,0,0.04
GreatSword__great sword crouching (6),15,0.5,25,25,0.00-0.00,92,0.27,1.1,0.27,1.6,0.27,0.13,0.12,0.1,-0.02,-0.08,0.0,0.02,0,0,0.05
GreatSword__great sword high spin attack,57,1.9,455,383,0.33-1.17,824,0.6,7.3,1.03,7.3,1.03,0.1,0.17,2.38,2.24,-0.83,0.07,0.09,1,11,0.22
GreatSword__great sword idle,61,2.03,-1,0,0.00-0.00,2,0.47,0.1,0.33,0.0,0.33,0.16,0.16,0.02,0.0,0.0,0.0,0.0,0,0,0.0
GreatSword__great sword idle (2),88,2.93,-37,-3,0.17-0.73,79,0.57,0.6,0.57,0.7,0.47,0.16,0.16,0.12,-0.01,0.01,0.0,0.01,0,0,0.0
GreatSword__great sword idle (3),109,3.63,-19,0,0.00-0.00,59,2.63,1.2,0.33,1.3,2.63,0.3,0.53,0.12,0.0,-0.01,0.03,0.0,0,0,0.0
GreatSword__great sword idle (4),112,3.73,-26,0,0.00-0.00,60,2.8,0.9,2.57,2.0,0.83,0.16,0.2,0.1,0.0,-0.01,0.03,0.0,0,0,0.0
GreatSword__great sword idle (5),226,7.53,-89,1,0.60-3.23,95,4.43,1.1,0.9,1.2,6.2,0.59,0.55,0.12,0.0,0.0,0.03,0.0,0,0,0.0
GreatSword__great sword impact,27,0.9,6,0,0.00-0.00,42,0.07,1.0,0.13,1.1,0.1,0.07,0.07,0.02,-0.0,0.0,0.0,0.01,0,0,0.02
GreatSword__great sword impact (2),37,1.23,-13,0,0.00-0.00,54,0.3,1.9,0.43,2.0,0.43,0.16,0.16,0.26,-0.0,0.0,0.0,0.19,0,0,0.0
GreatSword__great sword impact (3),39,1.3,-9,0,0.00-0.00,48,0.3,2.1,0.17,1.9,0.67,0.42,0.35,0.1,0.0,0.0,0.0,0.02,0,0,0.0
GreatSword__great sword impact (4),21,0.7,9,0,0.00-0.00,66,0.03,0.3,0.07,0.4,0.1,0.15,0.15,0.04,-0.0,0.0,0.01,0.02,0,0,0.04
GreatSword__great sword impact (5),30,1.0,-29,0,0.00-0.00,102,0.23,1.5,0.17,1.3,0.2,0.14,0.12,0.02,-0.0,0.0,0.0,0.01,0,0,0.04
GreatSword__great sword jump,20,0.67,7,0,0.00-0.00,135,0.1,4.0,0.03,4.0,0.17,0.14,0.12,1.74,1.64,-0.6,0.23,0.0,14,6,0.78
GreatSword__great sword jump (2),28,0.93,-11,0,0.00-0.00,63,0.13,2.6,0.2,2.5,0.2,0.16,0.16,0.08,0.0,-0.0,0.4,0.04,14,0,0.78
GreatSword__great sword jump attack,66,2.2,738,738,0.20-1.73,583,0.47,7.0,1.03,6.2,0.03,0.12,0.15,3.25,3.08,-1.04,0.24,0.09,10,20,0.54
GreatSword__great sword kick,46,1.53,360,360,0.33-1.27,718,1.03,4.0,0.27,4.2,1.07,0.13,0.14,0.39,0.0,-0.0,0.05,0.05,0,21,1.07
GreatSword__great sword kick (2),53,1.77,-125,0,0.10-0.77,364,0.7,3.1,0.63,2.9,0.17,0.1,0.13,0.6,-0.0,-0.0,0.04,0.12,0,16,1.16
GreatSword__great sword power up,94,3.13,7,5,0.00-0.00,45,0.6,1.4,0.3,1.3,0.3,0.15,0.1,0.21,-0.06,0.04,0.06,0.01,0,0,0.11
GreatSword__great sword run,23,0.77,19,0,0.00-0.00,131,0.7,3.6,0.03,3.7,0.03,0.13,0.13,1.93,-1.82,0.66,0.03,0.02,0,10,0.26
GreatSword__great sword run (2),19,0.63,-30,0,0.03-0.40,296,0.33,6.0,0.57,6.0,0.57,0.16,0.16,2.62,1.78,-1.92,0.05,0.02,3,17,0.44
GreatSword__great sword slash,39,1.3,-91,0,0.17-0.37,717,0.53,7.8,0.53,8.3,0.53,0.13,0.13,0.36,0.0,0.0,0.0,0.14,0,3,0.19
GreatSword__great sword slash (2),107,3.57,-422,-360,0.27-2.77,830,2.67,8.1,0.7,8.5,0.7,0.11,0.14,3.16,3.16,-0.22,0.06,0.18,0,22,0.26
GreatSword__great sword slash (3),56,1.87,114,-3,0.13-0.57,433,1.0,5.2,0.77,6.4,0.73,0.21,0.16,0.73,-0.01,0.0,0.02,0.19,0,1,0.16
GreatSword__great sword slash (4),55,1.83,-411,-360,0.17-0.80,898,0.73,6.1,0.73,5.4,0.73,0.18,0.16,1.15,1.15,-0.08,0.0,0.08,0,8,0.19
GreatSword__great sword slash (5),44,1.47,125,0,0.17-0.50,395,0.43,3.1,0.27,2.8,0.27,0.09,0.11,0.68,0.01,-0.01,0.13,0.0,0,0,0.11
GreatSword__great sword slide attack,65,2.17,380,380,0.23-1.90,585,1.47,4.6,1.47,4.8,0.13,0.25,0.17,3.56,3.24,-1.47,0.0,0.62,0,5,0.19
GreatSword__great sword strafe,34,1.13,4,0,0.00-0.00,23,1.07,1.7,0.03,1.7,0.03,0.18,0.17,1.29,-0.29,-1.26,0.02,0.02,0,0,0.15
GreatSword__great sword strafe (2),36,1.2,-3,0,0.00-0.00,20,0.6,1.7,1.13,1.8,1.13,0.17,0.17,1.48,0.39,1.43,0.02,0.0,0,2,0.16
GreatSword__great sword strafe (3),18,0.6,-16,0,0.00-0.00,121,0.53,3.3,0.53,3.3,0.53,0.13,0.13,1.36,-0.19,-1.35,0.09,0.0,0,3,0.18
GreatSword__great sword strafe (4),20,0.67,-18,0,0.00-0.00,188,0.37,4.2,0.03,4.2,0.03,0.12,0.12,2.0,0.27,1.98,0.09,0.01,0,6,0.19
GreatSword__great sword turn,23,0.77,-98,-98,0.07-0.67,172,0.07,1.0,0.37,0.7,0.33,0.16,0.16,0.21,0.17,-0.03,0.01,0.0,0,0,0.04
GreatSword__great sword turn (2),25,0.83,87,87,0.07-0.73,160,0.07,1.0,0.03,0.9,0.03,0.15,0.16,0.16,0.09,0.11,0.02,0.01,0,0,0.06
GreatSword__great sword walk,42,1.4,-4,0,0.00-0.00,25,1.23,1.5,0.37,1.6,0.37,0.16,0.16,1.51,1.37,-0.64,0.01,0.03,0,8,0.18
GreatSword__great sword walk (2),40,1.33,-5,0,0.00-0.00,37,0.9,1.5,0.93,1.5,0.97,0.17,0.17,1.33,-1.21,0.57,0.02,0.03,0,5,0.19
GreatSword__spell cast,35,1.17,-65,0,0.13-0.37,406,0.3,2.3,0.3,6.3,0.27,0.53,0.36,0.16,0.0,0.0,0.02,0.02,0,0,0.02
GreatSword__two handed sword death,73,2.43,11,10,0.00-0.00,160,1.5,3.5,1.47,3.5,1.63,0.76,0.52,0.88,-0.87,0.06,0.0,0.86,7,3,0.17
GreatSword__two handed sword death (2),76,2.53,-260,-260,0.37-1.80,1268,1.7,3.0,0.87,3.0,0.87,0.16,0.16,1.29,1.28,-0.01,0.03,0.82,17,14,0.45
SwordShield__draw sword 1,16,0.53,-13,-13,0.00-0.00,114,0.47,3.7,0.17,2.0,0.47,0.49,0.5,0.08,-0.08,-0.02,0.0,0.02,0,0,0.01
SwordShield__draw sword 2,24,0.8,-52,-39,0.03-0.33,244,0.07,5.0,0.3,1.7,0.03,0.7,0.63,0.09,0.08,0.03,0.01,0.15,0,0,0.07
SwordShield__sheath sword 1,39,1.3,49,43,0.27-0.80,92,0.37,3.3,0.83,0.9,0.37,0.32,0.62,0.16,-0.07,0.05,0.14,0.0,0,0,0.06
SwordShield__sheath sword 2,25,0.83,13,13,0.00-0.00,63,0.57,1.7,0.2,1.0,0.3,0.19,0.43,0.08,0.08,0.0,0.01,0.0,0,0,0.01
SwordShield__sword and shield 180 turn,25,0.83,-181,-181,0.13-0.60,519,0.17,2.0,0.17,3.0,0.17,0.56,0.6,0.5,0.28,0.03,0.0,0.15,0,2,0.16
SwordShield__sword and shield 180 turn (2),26,0.87,-184,-180,0.07-0.60,395,0.07,3.5,0.43,5.6,0.37,1.07,0.82,0.75,0.48,0.16,0.0,0.22,3,6,0.32
SwordShield__sword and shield attack,71,2.37,-68,-68,0.23-2.17,271,1.87,11.2,1.13,10.3,1.23,0.11,0.54,3.71,3.58,0.6,0.89,0.55,27,7,1.6
SwordShield__sword and shield attack (2),40,1.33,-446,-440,0.13-0.83,691,0.4,11.5,0.53,7.7,0.6,1.06,0.88,2.87,2.79,-0.68,0.01,0.11,0,15,0.35
SwordShield__sword and shield attack (3),53,1.77,-423,-421,0.23-1.03,662,0.3,11.0,0.73,7.4,0.6,0.71,0.64,2.41,2.37,0.44,0.0,0.28,0,7,0.34
SwordShield__sword and shield attack (4),31,1.03,87,-3,0.17-0.43,661,0.37,8.7,0.43,4.0,0.2,0.94,0.65,0.08,-0.0,-0.01,0.01,0.02,0,0,0.06
SwordShield__sword and shield block,18,0.6,-13,-8,0.00-0.00,153,0.23,1.6,0.23,2.6,0.23,0.77,0.86,0.27,0.16,-0.21,0.0,0.12,0,0,0.05
SwordShield__sword and shield block (2),16,0.53,-8,5,0.00-0.00,57,0.27,0.9,0.03,1.6,0.27,1.02,0.78,0.29,-0.1,0.27,0.13,0.0,0,0,0.06
SwordShield__sword and shield block idle,42,1.4,0,0,0.00-0.00,3,1.3,0.1,1.27,0.1,0.73,1.01,1.01,0.01,-0.0,0.0,0.0,0.0,0,0,0.01
SwordShield__sword and shield casting,90,3.0,110,0,0.17-1.73,351,0.23,9.2,1.63,6.7,1.63,1.0,1.25,0.17,0.0,-0.0,0.03,0.42,0,0,0.11
SwordShield__sword and shield casting (2),32,1.07,-19,0,0.00-0.00,86,0.13,1.7,0.03,4.3,0.13,0.63,1.16,0.06,0.0,0.0,0.04,0.0,0,0,0.0
SwordShield__sword and shield crouch,18,0.6,16,16,0.00-0.00,56,0.3,2.0,0.13,1.5,0.37,0.83,0.89,0.27,-0.14,0.24,0.01,0.43,0,0,0.04
SwordShield__sword and shield crouch block,15,0.5,-34,-34,0.13-0.40,153,0.27,1.0,0.27,2.6,0.23,0.97,0.95,0.33,0.19,-0.27,0.07,0.0,0,0,0.04
SwordShield__sword and shield crouch block (2),21,0.7,10,3,0.00-0.00,60,0.03,0.5,0.1,2.0,0.03,0.94,1.03,0.03,-0.0,0.01,0.01,0.01,0,0,0.04
SwordShield__sword and shield crouch block idle,9,0.3,0,0,0.00-0.00,1,0.23,0.0,0.17,0.0,0.13,1.04,1.04,0.0,-0.0,-0.0,0.0,0.0,0,0,0.03
SwordShield__sword and shield crouch idle,73,2.43,0,0,0.00-0.00,1,2.13,0.1,1.63,0.1,1.43,0.86,0.85,0.0,0.0,-0.0,0.0,0.01,0,0,0.04
SwordShield__sword and shield crouching,16,0.53,-17,-17,0.00-0.00,45,0.3,1.9,0.27,2.4,0.13,0.8,0.81,0.28,0.21,-0.19,0.44,0.0,0,0,0.04
SwordShield__sword and shield crouching (2),13,0.43,29,29,0.00-0.00,123,0.03,0.7,0.13,1.4,0.03,0.98,0.95,0.26,0.02,0.26,0.01,0.04,0,0,0.03
SwordShield__sword and shield crouching (3),20,0.67,-16,0,0.00-0.00,118,0.17,1.0,0.2,2.3,0.03,0.99,0.97,0.06,0.0,-0.0,0.03,0.0,0,0,0.04
SwordShield__sword and shield death,70,2.33,69,69,0.07-1.67,170,0.1,6.8,1.6,4.0,1.53,1.08,1.14,1.27,-0.7,1.05,0.07,0.74,7,3,0.26
SwordShield__sword and shield death (2),118,3.93,71,63,0.13-2.97,161,0.27,2.9,1.63,2.6,1.67,0.68,0.68,1.08,0.74,-0.73,0.13,0.72,18,6,0.36
SwordShield__sword and shield idle,109,3.63,43,2,0.17-0.70,119,1.33,1.2,1.57,1.1,1.5,0.72,0.66,0.09,0.0,0.01,0.01,0.01,0,0,0.0
SwordShield__sword and shield idle,109,3.63,43,2,0.17-0.70,119,1.33,1.2,1.57,1.1,1.5,0.72,0.66,0.09,0.0,0.01,0.01,0.01,0,0,0.0
SwordShield__sword and shield idle (2),224,7.47,100,0,0.27-4.03,171,3.93,6.3,4.57,1.6,4.4,0.74,0.72,0.09,-0.0,0.0,0.06,0.01,0,0,0.02
SwordShield__sword and shield idle (3),261,8.7,45,0,0.23-2.10,70,1.57,2.8,2.77,2.7,7.0,0.91,0.77,0.18,-0.0,-0.0,0.05,0.03,0,0,0.0
SwordShield__sword and shield impact,22,0.73,22,0,0.00-0.00,155,0.03,1.3,0.03,3.7,0.07,0.93,1.01,0.05,-0.0,0.0,0.04,0.0,0,0,0.01
SwordShield__sword and shield impact (2),30,1.0,9,0,0.00-0.00,126,0.2,2.1,0.03,1.9,0.03,0.65,0.57,0.07,0.0,0.0,0.05,0.01,0,0,0.08
SwordShield__sword and shield impact (3),22,0.73,-7,0,0.00-0.00,67,0.53,2.0,0.27,3.1,0.23,0.88,0.84,0.14,-0.0,0.0,0.04,0.01,0,0,0.08
SwordShield__sword and shield jump,26,0.87,-23,0,0.00-0.00,176,0.13,8.2,0.73,8.7,0.03,0.8,0.94,2.62,2.58,0.43,0.73,0.0,20,7,1.26
SwordShield__sword and shield jump (2),30,1.0,19,0,0.00-0.00,121,0.23,3.3,0.13,4.1,0.13,0.74,0.78,0.09,0.0,-0.0,0.52,0.05,17,1,0.99
SwordShield__sword and shield kick,37,1.23,76,0,0.10-0.43,252,0.17,5.6,0.13,5.5,0.37,0.33,0.62,0.56,0.0,0.0,0.15,0.0,0,18,1.1
SwordShield__sword and shield power up,72,2.4,17,0,0.00-0.00,116,0.1,6.1,0.47,4.4,0.5,0.82,0.9,0.12,0.0,-0.0,0.07,0.04,0,0,0.0
SwordShield__sword and shield run,22,0.73,-42,0,0.07-0.43,242,0.67,5.7,0.6,9.0,0.27,0.47,0.58,2.9,2.86,0.48,0.08,0.02,4,21,0.61
SwordShield__sword and shield run (2),17,0.57,-18,0,0.00-0.00,176,0.3,6.6,0.03,5.0,0.3,0.63,0.51,2.34,-1.96,1.29,0.06,0.0,0,8,0.23
SwordShield__sword and shield slash,46,1.53,141,0,0.27-0.70,556,0.5,13.4,0.6,4.8,1.03,0.95,0.63,0.52,0.0,-0.0,0.0,0.13,0,0,0.09
SwordShield__sword and shield slash (2),107,3.57,-383,-354,0.53-2.53,659,1.8,8.7,0.67,8.7,1.6,1.17,0.85,2.45,1.27,-2.09,0.5,0.44,13,22,1.08
SwordShield__sword and shield slash (3),48,1.6,143,1,0.13-0.57,472,0.5,10.2,0.8,5.2,1.03,0.93,0.65,0.52,0.01,-0.01,0.13,0.02,0,0,0.12
SwordShield__sword and shield slash (4),70,2.33,-382,-364,0.57-1.47,629,1.33,9.7,1.3,8.8,0.57,0.97,0.64,1.03,0.64,-0.81,0.51,0.44,16,12,1.03
SwordShield__sword and shield slash (5),42,1.4,88,0,0.17-0.60,490,0.47,9.9,0.57,3.9,0.4,1.13,0.85,0.53,0.0,-0.0,0.16,0.0,0,0,0.08
SwordShield__sword and shield strafe,35,1.17,-5,0,0.00-0.00,43,0.67,1.9,1.0,1.6,0.7,0.73,0.73,1.39,1.31,0.48,0.09,0.0,0,3,0.16
SwordShield__sword and shield strafe,35,1.17,-5,0,0.00-0.00,43,0.67,1.9,1.0,1.6,0.7,0.73,0.73,1.39,1.31,0.48,0.09,0.0,0,3,0.16
SwordShield__sword and shield strafe (2),40,1.33,-9,0,0.00-0.00,32,0.03,1.7,0.03,1.4,1.27,0.72,0.72,1.41,-1.33,-0.49,0.05,0.02,0,0,0.14
SwordShield__sword and shield strafe (2),40,1.33,-9,0,0.00-0.00,32,0.03,1.7,0.03,1.4,1.27,0.72,0.72,1.41,-1.33,-0.49,0.05,0.02,0,0,0.14
SwordShield__sword and shield turn,27,0.9,-93,-93,0.10-0.80,144,0.53,1.9,0.33,1.9,0.53,0.75,0.71,0.31,-0.05,-0.01,0.03,0.0,0,0,0.05
SwordShield__sword and shield turn (2),29,0.97,99,99,0.10-0.83,143,0.4,1.6,0.03,1.9,0.5,0.62,0.56,0.27,-0.01,-0.01,0.03,0.0,0,0,0.05
SwordShield__sword and shield walk,34,1.13,-12,0,0.00-0.00,51,0.93,1.9,0.9,1.8,0.27,0.65,0.67,1.65,1.57,-0.52,0.01,0.06,0,5,0.18
SwordShield__sword and shield walk (2),39,1.3,-2,0,0.00-0.00,20,1.07,1.5,0.87,1.5,1.0,0.63,0.61,1.44,-1.37,0.45,0.0,0.05,0,0,0.13
