class_name,class_internal_id,skill_id,skill_name,role,family_ids,family_names,variant,current_intention,proposed_action,event_contract,ascended_difference,current_clip_names
Warrior,Warrior,heavy_slash,Heavy Slash,Skill,ANIM_05,Arc Cutter,Horizontal heavy cut,A short-range heavy horizontal strike with Broken Bones.,"Set the weapon beside the rear hip, coil shoulders, then drive one broad horizontal cut. Keep the weapon plane aligned with the actual attack rather than the existing diagonal pose.","Cross the strike plane when the existing melee damage snapshot runs. Preserve current wind-up scaling, equipment checks and input locks.","Mercenary Ascension: stronger, longer-reaching strike and on-hit Hyper Armor. Broaden the follow-through; do not add a combo, extra strike or unconditional armor grant.",warrior_heavy; merc_heavy_asc
Warrior,Warrior,impact_wave,Impact Wave,Skill,ANIM_06,Earthbreaker,Rising stroke,Launch a ground-following shockwave along the aimed path.,"Lower the blade or club near the rear hip, sink through the knees and cut upward through the ground-facing release line. Let the torso open as the wave leaves.","STROKE_RELEASE starts the wave. Terrain following, travel and target hits remain in the projectile routine.","Sword Master Ascension adds the returning path aftershock. One initial body stroke only; the aftershock is a world effect, not another swing.",warrior_impact_wave
Warrior,Warrior,impact_punch,Impact Punch,Skill,ANIM_13,Pulse Drive,Fist drive,A brief close-range punch that stuns eligible Small enemies.,"Tuck the main elbow, turn the shoulder forward and punch straight through the target plane. Off hand protects the chest; feet do not slide forward.",PUNCH_CONTACT at the existing post-wind-up hit. Use a render-only weapon accommodation if necessary; no inventory or hitbox changes.,No dedicated Ascended version in the current kit.,warrior_punch
Sword Master,Sword Master,moonlight_splitter,Moonlight Splitter,Skill,ANIM_05,Arc Cutter,Alternating horizontal waves,Repeated forward crescent waves; the caster actively releases each main wave.,"Alternate short horizontal cuts without returning to idle. For the large final wave, settle into a deeper side chamber, briefly hold, then drive a wider horizontal finish.",Each actual main-wave spawn receives one CUT_RELEASE. Use current per-wave intervals and final wind-up; do not reuse the same full wind-up before every cut.,"Four fast waves, a larger fifth, then its afterimage in this build. The afterimage repeats the effect silhouette without making an extra damage-owning player swing.",sm_slash_a; sm_slash_b; sm_moon_finisher
Sword Master,Sword Master,crescent_cleave,Crescent Cleave,Skill,ANIM_05,Arc Cutter,Fan sweep,A single cast dispatches a fan of upright traveling cleaves.,"Coil into a broad side sweep, extending the main hand toward the center of the fan. Add a small second wrist/shoulder accent for the delayed gap-filling fan.",First and second fan-release callbacks own their cleave counts. Thirteen projectiles do not mean thirteen full-body swings.,"Seven initial cleaves and six gap-fill cleaves, with fire trails and Burn. The trails continue independently; preserve current delay and burn logic.",sm_crescent
Sword Master,Sword Master,blade_storm,Blade Storm,Skill,ANIM_08,Flash Draw,Remote draw command,Spend a charge to create a sphere of cuts at the aimed location.,"Bring the blade near the opposite hip, make one quick outward draw and finish in a narrow guard. Remote cuts answer the gesture; the player stays where they are.",One DRAW_RELEASE per accepted cast/charge. Do not create a persistent player-centered spinning hitbox or require a real sheath.,More charges and an extra remote cut per cast. Reuse exactly the same body action.,sm_blade_storm
Sword Master,Sword Master,frenzied_charge,Frenzied Charge,Skill,ANIM_10,Vanguard,Sword thrust,A committed forward thrust dash.,"Pull the sword near the ribs with point aimed forward, lean into the dash, then extend through the thrust. Recover from the actual endpoint with knees absorbing momentum.","Preserve existing wind-up, dash path, collision policy and attack cancellation. The thrust endpoint is not inferred from clip length.","Shorter wind-up, greater distance and width. Time-scale the entry and hold the drive; no added leap or spinning finisher.",sm_thrust
Sword Master,Sword Master,eclipse,Eclipse,Skill,ANIM_09,Cyclone,Single great sweep,An enlarged magical blade cuts all around the caster.,"Coil across the body and pivot through one full horizontal sweep, keeping the enlarged spectral blade outside the torso. Finish facing the legal combat direction.",Bind the sweep to the existing radial hit event. Cosmetic blade arc does not add repeated contacts.,Larger radius and an eligible-projectile reflection window. Tie the visible defensive arc to that exact existing window.,sm_eclipse
Sword Master,Sword Master,halfmoon_slash,Halfmoon Slash,Ultimate,ANIM_05; ANIM_09,Arc Cutter; Cyclone,"Paired cuts, optional held spin finish",Two scheduled large slashes; current Ascension adds an input-controlled finisher.,"Perform the current paired horizontal cuts. In Ascension, settle into the existing pulled-back stance; when the permitted Left Click arrives, flow into a strong spin cut and release the large wave.","Preserve both scheduled slash events, stance eligibility, timeout/cancel and separate finisher input. Do not automatically fire the optional finisher.","Current build uses a held stance and large Free Aim Ghost wave, not the earlier three slow persistent laser proposal. Match current code.",sm_halfmoon; sm_halfmoon_2; sm_halfmoon_stance; sm_halfmoon_finisher
Sword Master,Sword Master,knights_guidance,Knight's Guidance,Grace,ANIM_03,Wavecaller,Command salute,A radial party mobility/stamina Grace.,"Briefly salute with the free hand or weapon, then open the forearm to send the blessing outward. Stay upright and ready to move.",BUFF_APPLY remains immediate at its current callback. Long buff duration does not hold the salute.,No separate Ascended Grace in the current kit.,sm_guidance
Mercenary,Mercenary,stomp,Stomp,Skill,ANIM_07,Ground Seal,Foot stamp,A local stomp followed by outward ground shocks.,"Shift onto the supporting leg, raise the striking knee modestly and stamp down hard. Let the knees and shoulders settle once while the shock travels away.","First stomp impact aligns with FOOT_CONTACT. Later shocks remain centered on their original world position, not the player after moving away.",A third wider impact is an effect-only continuation. No three stomps or additional locks.,merc_stomp
Mercenary,Mercenary,circle_swing,Circle Swing,Skill,ANIM_09,Cyclone,Mobile wind-up sweep,A full-circle weapon swing with movement during preparation.,"Carry the weapon across the rear shoulder while walking, then pivot through the swing. Blend the upper-body coil over locomotion until the actual sweep.",Preserve full permitted walking speed during wind-up. Each actual swing gets its existing radial hit; visual rotation does not add hits.,Two consecutive full swings. Chain directly into the second with its existing gap; launch eligibility remains damage/status logic.,merc_circle; merc_circle_2
Mercenary,Mercenary,bonecrusher,Bonecrusher,Skill,ANIM_01,Olympic Hero,Brutal Olympic Hero,Leap and land with a heavy radial impact.,"Use the same horizontal aerial roll and main-hand superhero landing as Electric Smite. Give the final compression a heavier physical weight; use dust, fractures and ground shock instead of lightning.","Ground contact, not roll completion, authorizes impact. Preserve the current jump steering and landing routine. Keep the fist above ground until contact.",One delayed ground shock after landing. Reuse the impact settle; do not force a second jump or replace the resumed attack with merc_aftershock.,air_overhead; land_crash; merc_aftershock
Mercenary,Mercenary,seismic_guillotine,Seismic Guillotine,Skill,ANIM_06,Earthbreaker,Descending fissure stroke,A weapon-driven ground fissure ending in an explosion.,"Lift the weapon over the main shoulder, set the hips and slam down along the aim line. Keep the visual impact near the caster while the fissure travels to the endpoint.",STROKE_RELEASE starts the line. The distant endpoint explosion follows the existing effect timing; no second caster hit.,"Longer travel and stronger endpoint/control effects. Same motion, current scaled timings.",merc_seismic
Mercenary,Mercenary,punishing_bomb,Punishing Bomb,Skill,ANIM_12,Power Pitch,Bat launch,Bat a bomb into flight; it bursts on first physical contact.,"Stage a summoned bomb near the strike path, coil as for a bat swing and sweep the held implement through the launch plane. The bomb departs in the aimed direction.","Projectile spawn/release uses the existing cast callback. First collision, gravity and explosion remain projectile-owned; no extra melee swing damage.",Larger explosion and persistent ground fire. Same single bat motion; fire ticks do not replay the swing.,merc_bomb
Mercenary,Mercenary,whirlwind,Whirlwind,Ultimate,ANIM_09,Cyclone,Continuous weapon spin,A sustained spinning melee attack.,"Enter with a tight coil, extend weapons into a stable repeated spin and decelerate into a sweep at exit where supported. Keep turn count continuous rather than snapping backward.",Spin loop follows actual active duration. Damage ticks are independent of frame rate/number of visual revolutions. End early on the existing cancellation rules.,"Longer channel, Hyper Armor and a final sweep built by actual spin time. Final sweep visual occurs only when the existing mechanic grants it.",PlaySpinClip; merc_circle_2
Mercenary,Mercenary,battlecry,Battlecry,Grace,ANIM_04,War Cry,Deliberate roar,A radial damage Grace for allies.,"Compress the chest, draw elbows inward, then spread shoulders and roar with weapon held safely away. Return to combat stance without repeated shaking.",BUFF_APPLY at current acceptance; visual follow-through cannot delay allies receiving it.,No separate Ascended Grace. The smaller Fury proc variant must not hijack an active cast.,merc_roar
Cleric,Cleric,lightning_zap,Lightning Zap,Skill,ANIM_13,Pulse Drive,Palm cone,Release a forward cone of lightning that applies the current Zap mechanics.,"Snap the main palm forward from a short elbow chamber. Show lightning expanding forward in a cone, with the shield staying defensive.",Current damage/effect is immediate even though the pose has a small lead-in. Use release-first alignment; retain the existing short skill lock rather than adding another wind-up.,No dedicated class-skill Ascension in the current branches. Existing Zap interactions remain unchanged.,cleric_zap
Cleric,Cleric,righteous_strike,Righteous Strike,Skill,ANIM_02,Sky Command,Single sky strike,Call vertical holy lightning onto the aimed ground.,"Lift the main hand above the head and drag it down toward the target. The bolt descends at the remote point, not horizontally from the hand.",CAST_RELEASE commits the strike after current wind-up. Any trail/follow-up events remain in their current world routines.,Paladin class Ascension uses the larger strike/trail treatment. Keep one grounded call gesture; do not borrow Electric Smite’s leap.,cleric_rs; cleric_rs_asc
Cleric,Cleric,holy_wave,Holy Wave,Skill,ANIM_03; ANIM_13,Wavecaller; Pulse Drive,Self wave / directed ally blessing,A radial heal with an Ascended ally-target option.,"Normal: chest gather into an open palm and radial wave. Ascended targeted use: reach a gentle palm toward the chosen ally, then recover; self fallback retains Wavecaller.",Healing occurs at the current callback. Correct the caster animation to that event; do not delay instant healing or move the effect center to the hand.,"Priest class Ascension switches the applicable targeted gesture/source behavior. It is the same underlying Cleric identity, not a separately styled base-class tree.",cleric_wave; cleric_wave_ally
Paladin,Paladin,goddess_relic,Goddess Relic,Skill,ANIM_02,Sky Command,Relic call,Summon a large holy Cross that descends onto the remote target.,"Use the shared Sky Command: gather at chest, raise main hand, then direct it down toward the placement point. Recover while the Cross is falling.","Separate cast release, falling-object arrival and ground impact. Keep the existing indoor-safe height and drop-time calculation.",Use the same cast with the current Ascended relic effects. Additional world effects do not require a new animation.,cleric_goddess
Paladin,Paladin,judgement_hammer,Judgement Hammer,Skill,ANIM_12,Power Pitch,Overarm pitch + return catch,Hurl a growing holy hammer; Ascension enables its return.,"Coil the main shoulder, pitch the summoned hammer overarm and follow across the chest. On actual return, open the hand toward it and absorb a small catch recoil.",PROJECTILE_RELEASE and RETURN_CONTACT are separate. Only catch if it really returns. Do not remove the equipped weapon from inventory.,"Adds a return/catch overlay, not a second throwing cast or guaranteed catch on interrupted/failed returns.",cleric_hammer; cleric_hammer_call
Paladin,Paladin,shield_charge,Shield Charge,Skill,ANIM_10,Vanguard,Shield-first drive,"Charge with the shield forward, retaining current steering and bash handling.","Lower the hips, put the off-hand shield ahead of the chest and hold the main weapon behind the shield rim. Drive continuously; finish with a short shield shove when the real bash occurs.","Align entry to charge start, looping posture to actual movement, and bash to its separate event. Retain existing collision and distance budget.",Current enhanced effects use the same drive and bash phases. No borrowed invulnerability or Ghost collision from sword movement.,cleric_charge
Paladin,Paladin,fallen_angel,Angel Comet,Skill,ANIM_11,Comet Dive,Angel ascent and comet dive,Angel Comet rises and then drives down toward the target.,"Open into the current ascent, align torso along the dive and streamline the limbs. At real contact, rotate hips under the torso and brace the main hand/guard safely.","Ascent, dive start and ground contact follow the movement routine. Landing pose must already be prepared when damage occurs.",Holy ground fire after impact needs no prolonged landing hold. Keep this head-leading dive distinct from Olympic Hero’s long-axis roll.,cleric_angel_rise; cleric_land
Paladin,Paladin,ray_of_hope,Ray of Hope,Skill,ANIM_03,Wavecaller,Restorative opening,A radial restorative/empowering wave that also affects enemies.,"Raise the main palm softly, then open the arm outward from the chest with a clear protective silhouette. Preserve shield grip and combat readiness.","One radial application at the current callback, with healing/damage/status handling left intact. No forward beam despite the name Ray.",Barrier/cleanse treatment uses the same gesture and stronger effect accent; no new channel.,cleric_ray
Paladin,Paladin,electric_smite,Electric Smite,Ultimate,ANIM_01,Olympic Hero,Holy Olympic Hero,"Leap and slam down, sending sixteen lightning trails over the ground.","Compress, launch, tilt almost horizontal and rotate once around the head-to-feet axis. Unwind before contact; main fist hits first in a superhero landing with opposite foot forward.","Actual GROUND_CONTACT synchronizes fist, impact cue and trail launch. Preserve sixteen ground trails and their shared hit rules; no timer-driven premature impact.",Storm effects after landing remain world effects. Same complete Olympic Hero motion for normal and Ascended; no repeated fist impacts per lightning tick.,air_overhead; cleric_land
Paladin,Paladin,heavens_light,Heaven's Light,Grace,ANIM_03,Wavecaller,Protective blessing,A radial defense/equipment-mobility Grace.,Cross the available forearm toward the chest then open into a protective blessing. A shield can rise slightly as the wave expands.,BUFF_APPLY remains the single current event. Long defense duration does not hold the animation.,No separate Ascended Grace.,cleric_light
Priest,Priest,lightning_relic,Lightning Relic,Skill,ANIM_02; ANIM_14,Sky Command; Rift Conductor,Relic call / dismiss,A falling remote Cross becomes a persistent offensive relic.,"Use exactly Goddess Relic’s Sky Command with the appropriate equipment profile. For a dismiss/relinquish recast, close the palm using Rift Conductor instead of replaying a summon.","Release, fall, placement and recurring pulse are separate. Pulses cannot restart the caster animation; keep the existing replacement/recast logic.",Enhanced relic behavior changes the world effect only. Shared relic combinations stay current; this pass does not redesign Sanctified interactions.,cleric_relic
Priest,Priest,holy_relic,Holy Relic,Skill,ANIM_02; ANIM_14,Sky Command; Rift Conductor,Relic call / dismiss,A remote restorative Cross descends and supports nearby allies.,"Use the same Sky Command pose, timing structure and equipment rules as Goddess/Lightning Relic. Make the effect warmer and gentler, not the body choreography unrelated.",The implementation summons from above despite planting language in some descriptions. Do not animate manually pushing a Cross into the caster’s ground.,Enhanced support and paired-relic effects run independently. Recast dismissal uses the same short closing palm as Lightning Relic.,cleric_holy_relic
Priest,Priest,divine_intervention,Divine Intervention,Skill,ANIM_03,Wavecaller,Remote-source blessing,A holy burst around the caster or an aimed relic.,Gather and open the main hand while looking toward the chosen source. Keep the body at the caster position; the wave originates at the actual source.,CAST_RELEASE activates the existing selected-source burst. A distant relic target does not teleport the caster or require a projectile from the hand.,"Additional relic-source coverage needs effect duplication only, not multiple full-body gestures.",cleric_intervention
Priest,Priest,grand_cross,Grand Cross,Skill,ANIM_05,Arc Cutter,Opposed diagonal cuts,Two crossing slashes create a traveling radiant X.,"Cut diagonally across the torso, reverse through a short chamber, then cut along the opposite diagonal. Let the two spectral planes form the X beyond the hands.",Use both existing slash timings and the current X projectile spawn logic. Keep the held implement coherent through both grips.,Enlargement/other current projectile changes preserve the two-cut performance. Do not restore an obsolete endpoint explosion.,cleric_cross_1; cleric_cross_2
Priest,Priest,heavens_judgement,Heaven's Judgement,Skill,ANIM_02,Sky Command,Barrage command,Holy beams strike around the caster or an aimed relic source.,Raise the main hand with an open palm and pull it down decisively toward the chosen area. Recover while the barrage continues.,One initiating CAST_RELEASE; later beam impacts and final effects remain remote callbacks. Retain original area source selection.,The additional final column is a world event. Do not interrupt a later player action with another forced sky call.,cleric_judgement
Priest,Priest,lightning_tempest,Lightning Tempest,Ultimate,ANIM_02,Sky Command,Grand storm call,Create a sustained storm field with repeated lightning effects.,"Use the large Sky Command variant: wider reach and a stronger downward command, followed by immediate legal recovery.",Storm creation is the release event. Repeated bolts do not require holding both arms overhead for the whole field duration.,"A following/moving storm changes field tracking, not caster locomotion or posture duration.",cleric_tempest
Priest,Priest,grand_sigil,Heaven's Crucible,Grace,ANIM_03,Wavecaller,Barrier opening,Heaven’s Crucible wraps allies in a persistent barrier.,Gather forearms near the chest and open outward into a protective dome cue. Finish in the same combat-ready guard as Heaven’s Light.,Barrier creation follows the existing wind-up/application. Breaking or refreshing a barrier is not a new caster animation unless there is a real recast.,No separate Ascended Grace. Preserve internal ID grand_sigil.,cleric_crucible
Sorcerer,Sorcerer,flame_burst,Flame Burst,Skill,ANIM_13,Pulse Drive,Fire cone,A short forward cone of fire.,"Chamber the casting arm or staff slightly, then push directly toward the crosshair. Keep the cone forward and the off hand available for the current equipment.","Use the actual branch’s scaled wind-up, including zero-wind-up Horizon Walker. Immediate variants begin at release; preserve existing input restrictions.",No dedicated Ascended class-skill version.,sorc_flame
Sorcerer,Sorcerer,glacial_descent,Glacial Descent,Skill,ANIM_02,Sky Command,Ice sky call,Drop an ice impact onto aimed ground.,"Lift the staff or main palm, hold a compact overhead silhouette, then direct the falling ice onto the target. The caster does not slam their own feet.",Fit to existing scaled cast timing and remote impact callback. Zero-wind-up branch uses a short release-first command.,Archmage Ascension enlarges the impact and central effect. Same gesture with a weightier release accent; no extra cast.,sorc_glacial; sorc_glacial_asc
Sorcerer,Sorcerer,stonefang_eruption,Stonefang Eruption,Skill,ANIM_07; ANIM_14,Ground Seal; Rift Conductor,Ground command / mobile dispatch,Raise damaging stone fangs at aimed ground.,Base planted version: lower center of mass and press staff butt or palm downward to command the eruption. Horizon Walker: use only a quick downward wrist command while retaining stride/air pose.,Remote eruption remains at the aimed point. Do not force the caster to that location or add a ground-contact requirement to an airborne-legal cast.,Persistent spikes keep ticking after the initial command. They do not repeatedly stamp the caster or hold them in place.,sorc_stonefang; sorc_stonefang_asc
Archmage,Wizard,meteor_fall,Meteor Fall,Skill,ANIM_02,Sky Command,Charged sky call,Hold to strengthen a meteor aimed at the ground.,"Gather, lift the implement high and hold a quiet call pose while aim remains adjustable. Pull down at release, then recover as the meteor falls.","Charge begins alongside the current wind-up. Maintain hold until actual release/cancel, including time spent at maximum charge; do not use the pose driver’s fixed hold timeout as the release signal.","Small follow-up meteors are automatic world events, including the larger count at full charge. No extra body casts per meteor.",wiz_meteor
Archmage,Wizard,gravity_dominion,Gravity Dominion,Skill,ANIM_14,Rift Conductor,Deliberate gravity pull,Create a remote persistent gravitational field.,"Reach toward the target, spread the fingers around an imagined sphere and pull the hand inward as the field establishes. Settle while the field continues.",Keep the actual wind-up. Field pulse and pull ticks are independent of caster hand motion; preserve the selected world center.,"Larger, longer field and ending explosion. The final explosion does not force a delayed arm-clench during another skill.",wiz_gravity
Archmage,Wizard,astral_railcannon,Astral Railcannon,Skill,ANIM_16,Siege Caster,Braced beam,Assemble and fire an aimed magical beam.,"Brace the implement along the crosshair, shoulders behind the emission line. Release with restrained recoil; sustained version holds that aim posture and follows permitted aim changes.","Normal: one SHOT_RELEASE. Ascended: BEAM_START, continuous current aiming/damage logic, then BEAM_END. No recoil on every damage tick.",Four-second steerable beam in the current build. One entry and exit; interruption must clear hold/root ownership without firing an extra final beam.,wiz_railcannon; wiz_railcannon_hold
Archmage,Wizard,astral_greatblade,Astral Greatblade,Skill,ANIM_06,Earthbreaker,Repeated spectral downstroke,Slam a giant astral blade along the current aim.,"Raise the casting implement as if taking the weight of a giant sword, then drive downward. Recoil into a ready overhead chamber for the next real slam.",Each authoritative slam gets one aligned STROKE_RELEASE. Re-aim according to existing code. Correct any pose starting after the slam rather than delaying the hit.,"Three slams, no charge. Existing old altar wording about charging is stale; do not restore charging from it.",wiz_greatblade; wiz_greatblade_slam
Archmage,Wizard,frost_nova,Frost Nova,Skill,ANIM_03,Wavecaller,Frost opening,Release a radial frost burst around the caster.,"Compress the chest and elbows, then sharply open both available arms with a stable stance. Show a circular frost release, not a aimed cone.",NOVA_RELEASE follows current scaled wind-up. Persistent aura ticks and final burst remain separate from the caster pose.,"Frost Aura lasts independently, then explodes. Do not hold a six-second open-arm pose or reintroduce the removed shaking.",wiz_nova
Archmage,Wizard,elemental_cataclysm,Elemental Cataclysm,Ultimate,ANIM_02,Sky Command,Grand charged command,Charge a large targeted elemental area attack.,"Lift both available arms/implement into the widest Sky Command silhouette, hold calmly while charge builds and drive downward when released.","Preserve existing minimum wind-up, charge overlap and release input. Target detonation is a world event, not a requirement for the caster to hit the ground.",Second bombardment at the original area is automatic. Same one cast; no Overcharge refund or added gesture.,wiz_cataclysm
Archmage,Wizard,clockwork,Clockwork,Grace,ANIM_03,Wavecaller,Clockwork wrist insert,A radial skill/cooldown Grace.,"Turn the free wrist as if setting a small clock, then open the forearm into the shared blessing pulse. Keep this insert short and equipment-compatible.",BUFF_APPLY remains immediate at its current callback. No cast-time penalty for the decorative clock gesture.,No separate Ascended Grace.,wiz_clockwork
Horizon Walker,Spellcaster,arcane_phalanx,Arcane Phalanx,Skill,ANIM_14,Rift Conductor,Open / arm / dispatch,"Summon hovering swords, fire individually, or arm and launch a full volley.",Open the available hand to array the swords. For individual releases use a small finger/implement accent only when arms are free. Recast uses a distinct closing/pointing command to arm the volley.,"Keep summon, recast-to-arm and the next fresh Mouse1-to-fire separate. Do not launch on the recast itself or let cosmetics consume normal weapon input.",Eight swords and impact spears for the full volley. Spears are a remote effect; no player ground-stomp or four additional attacks.,hw_command; hw_rift_walker; hw_gravity_blast
Horizon Walker,Spellcaster,afterimage_arsenal,Afterimage Arsenal,Skill,ANIM_14,Rift Conductor,Copy fan,Create spectral copies that reproduce supported attacks.,"Flick the free hand outward to leave or summon a copy, while retaining the current stride and aim. A hold-all input uses the same open-hand finish once its actual summon event occurs.","Keep individual summon timers, hold behavior and clone lifetime logic. Clone attacks use their own mirrored weapon poses; they never retrigger the player’s summon gesture.",Current Ascended copies follow and mirror supported weapon attacks. Do not implement the earlier proposed all-skill copying as part of an animation pass.,hw_afterimage
Horizon Walker,Spellcaster,void_step,Void Step,Skill,ANIM_15,Ghost Step,Pose-preserving blink,Teleport without stopping the action underway.,"Keep the current shooting/stride pose, add a tiny directional lean or just disappearance VFX, and reappear in the same action phase.","Teleport commits at the existing callback. No anticipatory crouch, recovery lock or travel interpolation. Preserve current featherfall and momentum policy.",Two charges and retained momentum. Reuse the same transition; no damaging departure rift.,hw_voidstep
Horizon Walker,Spellcaster,rift_echo,Rift Echo,Skill,ANIM_14,Rift Conductor,Remote echo command,Open rifts behind the target that echo attacks.,"Indicate the target with a brief finger or implement tip movement, then continue firing. Rifts open behind the target, not as barrels attached to the player’s hands.","One accepted command, independent echo timing afterward. If both hands are firing, use a head/wrist/VFX-only accent to avoid interrupting the weapon animation.",Current build opens three rifts; it is not merely the older cadence-change proposal. No three separate caster gestures.,hw_rift_echo
Horizon Walker,Spellcaster,gravity_blast,Gravity Blast,Skill,ANIM_13; ANIM_14,Pulse Drive; Rift Conductor,Orb push / stop / collapse,Launch a traveling gravity orb with current recast controls.,Push the orb out with Pulse Drive. Use an open stopping hand for its stop command and a compact pinch for a detonation command where supported.,Keep initial cast and each recast state separate. Do not collapse the orb early because the launch animation ended.,Longer travel and stronger stop burst follow current branch logic. Reuse the command states without inventing or removing recast inputs.,hw_gravity_blast; hw_rupture; hw_command
Horizon Walker,Spellcaster,arcane_rupture,Arcane Rupture,Ultimate,ANIM_14,Rift Conductor,Remote point command,Spend a charge to trigger a delayed rupture at aimed ground while moving.,Snap the available wrist toward the selected point and continue locomotion. Let the target telegraph build independently before the explosion.,COMMAND_ACCEPTED occurs now; TARGET_DETONATION follows its existing delay. That delay is not a full-body caster wind-up or root lock.,More charges and stronger explosions use the same gesture. Preserve recast buffer; no queued gesture spam during target delays.,hw_rupture
Horizon Walker,Spellcaster,rift_walker,Rift Walker,Grace,ANIM_14; ANIM_15,Rift Conductor; Ghost Step,Portal placement + traversal,Place two linked portals and traverse with the existing interaction.,"Open the available hand toward each placement point using Rift Conductor. Traversal uses Ghost Step, preserving the walking/attack phase through the transition.","PORTAL_A, PORTAL_B and TELEPORT_COMMIT are distinct. Do not teleport immediately on placing the second portal or change the E interaction.",No separate Ascended Grace. Portals stay visually independent of the short caster gesture.,hw_rift_walker
Ranger,Ranger,piercing_arrow,Piercing Arrow,Skill,ANIM_17,Deadeye Draw,Snap power shot,A straight piercing arrow with current first-hit control.,"Use a clean forward aim and sharp string release, left bow arm stable. Retain one recoil source and quickly return the right hand toward its next legal draw.",Current projectile starts immediately. Begin at loose rather than adding a new draw delay; impacts remain arrow-owned.,"Longer range, widening flight and Expose use the same shot. The growth does not stretch the bow or caster.",rg_power
Ranger,Ranger,tumble_shot,Tumble Shot,Skill,ANIM_18,Rebound Shot,Backflip fan,Retreat in a backflip and shoot a forward fan at the apex.,"Compress, spring backward and tuck into a true backward somersault. Keep the bow in the left hand; fire toward the threat at the existing apex event and extend legs to land.",Current shared travel is about 0.3s and apex about 0.15s. Align visual phase to movement instead of slowing gameplay for a longer flourish.,"Wider fan, cooldown reset conditions and departure gust do not add another flip or a second damage-owning release.",rg_tumble
Ranger,Ranger,snare_trap,Snare Trap,Skill,ANIM_07,Ground Seal,Careful placement,Place a ground snare at the selected valid location.,"Lower through the knees, briefly dispatch/place with the free hand and rise. Use a wrist-only command when casting in the air as Acrobat.",TRAP_PLACED matches current placement; activation by an enemy is a later world event. Do not move the player to a remote target.,No dedicated Ascended version in the current kit.,rg_trap
Acrobat,Acrobat,gale_volley,Gale Volley,Skill,ANIM_18,Rebound Shot,Backflip gale fan,Spring backward while firing a wide wind-powered arrow fan.,"Reuse Tumble Shot’s entire Rebound Shot sequence. Different arrow spread, wind and recoil accent communicate the stronger shot.",Same shared BackFlip movement/apex event contract; preserve collision-shortened travel and current invulnerability timing.,"A second arcing fan gets a second short firing accent at its scheduled event, possibly during landing. Never add a second flip.",rg_tumble
Acrobat,Acrobat,cyclone_arrow,Cyclone Arrow,Skill,ANIM_17; ANIM_09,Deadeye Draw; Cyclone,Snap shot with pivot exit,Fire a slow moving cyclone projectile.,Release the arrow immediately from the aim pose. A compact torso/foot pivot can follow as cosmetic recovery where grounded; airborne version keeps the flight pose.,Do not make the player wait for the existing spin-loose choreography before the projectile appears. Projectile rotation and pulling are independent.,Split cyclones on first catch are effect-only. The caster does not become a sustained whirlwind or fire three new shots.,rg_spin
Acrobat,Acrobat,swallow_dive,Swallow Dive,Skill,ANIM_11,Comet Dive,Short directional dive,An aimed dash cuts enemies along its path.,"Streamline body along aim with bow tight against the torso, then unfold into the exit. Use a grounded compression only when actually landing.","Match current short dash duration, wall stop and exit velocity. An airborne dash finishes in air; it must not wait for a landing animation.",Three charges and a delayed wind slash along the path. Reuse the dive once per accepted charge; delayed slash is not another dash.,rg_dive
Acrobat,Acrobat,skyfall_barrage,Skyfall Barrage,Skill,ANIM_18; ANIM_19,Rebound Shot; Sky Archer,Backflip ascent into hover fire,"Rise, hover and shoot down into the area below.","Use Rebound Shot’s launch/flip module with the existing longer ascent, then settle into Sky Archer’s down-aim hover. Alternate small draw/release accents while hovering.","Preserve the current ascent, ceiling check and real hover-shot cadence. On hover end, blend to falling before any grounded recovery.",Steer the larger ground circle with permitted aim controls. Do not rotate the whole body through another flip for every shot.,rg_backflip; rg_hover
Acrobat,Acrobat,ricochet_arrow,Ricochet Arrow,Skill,ANIM_17,Deadeye Draw,Compact trick shot,One arrow bounces through multiple targets.,"Angle the shoulders into a relaxed side-on trick-shot silhouette, loose one clean arrow and reset. Keep the grip mechanically plausible rather than tossing the bow.","One SHOT_RELEASE. All bounces and damage escalation are projectile logic, not separate player shots.",More bounces and a final explosion add no caster actions.,rg_trick
Acrobat,Acrobat,furious_winds,Furious Winds,Ultimate,ANIM_09,Cyclone,Wind-arm spin,Maintain a leaf storm/barrier while spinning.,"Use Cyclone’s continuous body rotation with bow held close or safely extended, keeping a stable center rather than flailing the arms. Exit into a readable open sweep.","Loop only for the actual active duration. Leaves, barrier checks and damage ticks remain independent of visual turns.",Larger field/duration and final gale use the existing end event; no extra rooted flourish after movement is allowed.,PlaySpinClip
Acrobat,Acrobat,tailwind,Tailwind,Grace,ANIM_03,Wavecaller,Wind blessing,A radial movement/jump/fall-protection Grace.,"Lift the free forearm as if catching an updraft, then open outward into the shared wave. Keep the bow in the left hand.",Buff applies at the current callback. No repeated bobbing or shaking throughout the buff.,No separate Ascended Grace.,rg_tailwind
Bowmaster,Bowmaster,ballista_shot,Ballista Shot,Skill,ANIM_17,Deadeye Draw,Siege draw,Hold a powerful piercing bow or crossbow shot.,"Set a wide stable firing posture, draw and hold with controlled breathing. Release with one heavy shoulder recoil, then return to aim. Crossbow uses a braced trigger profile.",Charge and fire follow current hold/release input. Holding at maximum charge must not be auto-released by the pose driver timeout.,Full-charge pierce explosions remain target events. They do not trigger repeated recoil or new projectiles from the caster.,rg_ballista
Bowmaster,Bowmaster,arrow_rain,Arrow Rain,Skill,ANIM_19,Sky Archer,Upward release,Initiate an arrow bombardment over the selected area.,"Angle the bow or crossbow skyward, show the initiating release and lower back to normal aim. Start at the release key for the current instant cast.",One SKY_RELEASE creates the field. Falling arrows and damage ticks continue after the caster recovers.,"Frozen-arrow effects change the bombardment, not caster choreography.",rg_sky
Bowmaster,Bowmaster,pinning_shot,Pinning Shot,Skill,ANIM_17,Deadeye Draw,Low brace,A precise immobilizing/control arrow with current target rules.,Sink slightly at the knees while keeping the weapon level and loose one deliberate shot. A full kneel is optional only if it fits current restrictions and real leg support exists.,Current release is immediate. Do not delay firing until a cinematic kneel finishes or invent an extra stationary lock.,"Additional nearby targets are effect handling, not three full player shots.",rg_kneel
Bowmaster,Bowmaster,explosive_arrow,Explosive Arrow,Skill,ANIM_17,Deadeye Draw,Heavy snap release,Fire one projectile that explodes on impact.,"Brace the weapon, loose sharply and absorb a small shoulder kick. Recover without letting the bow arm collapse or the crossbow float from its stock grip.",One SHOT_RELEASE and later PROJECTILE_CONTACT. Only one recoil owner; no camera/bone double recoil.,Ground fire and cluster bombs are remote continuations. Do not make the player throw additional bombs.,rg_heavy
Bowmaster,Bowmaster,splitting_arrow,Splitting Arrow,Skill,ANIM_17,Deadeye Draw,Alternating fan volleys,A planted rapid volley sequence aimed through a cone.,Hold a stable lower stance and alternate small torso aim sweeps and string-hand resets. Chain releases directly without returning to idle.,"One release accent per existing volley callback. Preserve its current planted movement restriction and exact interval, including fast Ascended cadence.","Five rapid volleys and stacking Burn. Time-compress the draw/reset, not the projectile count or cadence.",rg_split_a; rg_split_b
Bowmaster,Bowmaster,starfall_volley,Starfall Volley,Ultimate,ANIM_19,Sky Archer,Channeled sky barrage,Channel to call a large arrow bombardment.,"Raise the weapon toward the sky, hold a deliberate charge silhouette during the existing channel, then loose and return to guard while arrows fall.",CHANNEL_COMPLETE initiates the remote bombardment. Do not play one full actor shot per decorative falling arrow or per enemy damaged.,Final giant arrow follows the existing world-event schedule. Add a remote emphasis; do not force an unrelated later player cast.,rg_starfall
Bowmaster,Bowmaster,hawks_vigil,Hawk's Vigil,Grace,ANIM_03,Wavecaller,Watchful salute,Reveal surrounding enemies and buff allied aim.,"Briefly shade/salute near the brow with the free hand, then open outward in a restrained Wavecaller pulse. Keep the weapon in its correct grip.",Buff/reveal snapshot remains immediate. Ongoing enemy outlines do not hold the player scanning or suppress normal attacks.,No separate Ascended Grace.,rg_vigil
